{
  "particles": {
    "number": {
      "value": 24,
      "density": {
        "enable": true,
        "value_area": 800
      }
    },
    "color": {
      "value": "#fcc820"
    },
    "shape": {
      "type": "circle",
      "stroke": {
        "width": 0,
        "color": "#000000"
      },
      "polygon": {
        "nb_sides": 5
      },
      "image": {
        "src": "svg/github.svg",
        "width": 100,
        "height": 100
      }
    },
    "opacity": {
      "value": 0.20042650760819036,
      "random": true,
      "anim": {
        "enable": true,
        "speed": 0.08120772123013452,
        "opacity_min": 0,
        "sync": true
      }
    },
    "size": {
      "value": 30,
      "random": true,
      "anim": {
        "enable": false,
        "speed": 40,
        "size_min": 0.1,
        "sync": false
      }
    },
    "line_linked": {
      "enable": false,
      "distance": 150,
      "color": "#ffffff",
      "opacity": 0.4,
      "width": 1
    },
    "move": {
      "enable": true,
      "speed": 0.1,
      "direction": "bottom-left",
      "random": true,
      "straight": false,
      "out_mode": "out",
      "bounce": false,
      "attract": {
        "enable": true,
        "rotateX": 3286.994724774322,
        "rotateY": 1200
      }
    }
  },
  "interactivity": {
    "detect_on": "canvas",
    "events": {
      "onhover": {
        "enable": false,
        "mode": "bubble"
      },
      "onclick": {
        "enable": true,
        "mode": "push"
      },
      "resize": true
    },
    "modes": {
      "grab": {
        "distance": 400,
        "line_linked": {
          "opacity": 1
        }
      },
      "bubble": {
        "distance": 85.26810729164123,
        "size": 44.66424667657398,
        "duration": 1.542946703372556,
        "opacity": 0.1867777588293094,
        "speed": 3
      },
      "repulse": {
        "distance": 200,
        "duration": 0.4
      },
      "push": {
        "particles_nb": 4
      },
      "remove": {
        "particles_nb": 2
      }
    }
  },
  "retina_detect": true
}